<?xml version="1.0" encoding="UTF-8"?>
<module rename-to='ligne_de_vie'>
  <!-- Inherit the core Web Toolkit stuff.                        -->
  <inherits name='com.google.gwt.user.User'/>
  <inherits name="com.google.gwt.inject.Inject"/>

  <inherits name='net.customware.gwt.dispatch.Dispatch' />
	<inherits name='net.customware.gwt.presenter.Presenter' />

  <!-- Inherit the default GWT style sheet.  You can change       -->
  <!-- the theme of your GWT application by uncommenting          -->
  <!-- any one of the following lines.                            -->
  <inherits name='com.google.gwt.user.theme.standard.Standard'/>
  <!-- <inherits name='com.google.gwt.user.theme.chrome.Chrome'/> -->
  <!-- <inherits name='com.google.gwt.user.theme.dark.Dark'/>     -->

  <!-- Other module inherits                                      -->

  <!-- Specify the app entry point class.                         -->
  <entry-point class='com.ldv.client.LdV_Mvp'/>

  <!-- Add gwt-log support, default level `OFF` - check for extended property 'log_level' to see if this is overridden -->
  <inherits name="com.allen_sauer.gwt.log.gwt-log-OFF" />

  <!-- Also compile Logger at `INFO` level -->
  <extend-property name="log_level" values="INFO" />
  <set-property name="log_level" value="INFO" />

  <!-- Turn off the floating logger - output will be shown in the hosted mode console -->
  <set-property name="log_DivLogger" value="DISABLED" />

  <!-- Specify the paths for translatable code                    -->
  <source path="shared" defaultexcludes="yes" casesensitive="true" /> 
  <source path="client" defaultexcludes="yes" casesensitive="true" /> 
</module>
